<?xml version="1.0" encoding="UTF-8" ?>
<!DOCTYPE mapper PUBLIC "-//mybatis.org//DTD Mapper 3.0//EN" "http://mybatis.org/dtd/mybatis-3-mapper.dtd" >
<mapper namespace="com.wkcto.springboot.mapper.UserInfoMapper" >

  <resultMap id="BaseResultMap" type="com.wkcto.springboot.model.UserInfo" >
    <id column="id" property="id" jdbcType="INTEGER" />
    <result column="nick" property="nick" jdbcType="VARCHAR" />
    <result column="phone" property="phone" jdbcType="VARCHAR" />
    <result column="address" property="address" jdbcType="VARCHAR" />
    <result column="email" property="email" jdbcType="VARCHAR" />
  </resultMap>

  <sql id="Base_Column_List" >
    id, nick, phone, address, email
  </sql>

  <select id="selectUserInfoByPage" resultMap="BaseResultMap">
    select
    <include refid="Base_Column_List" />
    from u_user_info
    limit #{startRow,jdbcType=INTEGER}, #{limit,jdbcType=INTEGER}
  </select>

  <select id="selectUserInfoByTotals" resultType="java.lang.Integer">
    select
    count(*)
    from u_user_info
  </select>

  <select id="selectByPrimaryKey" resultMap="BaseResultMap" parameterType="java.lang.Integer" >
    select 
    <include refid="Base_Column_List" />
    from u_user_info
    where id = #{id,jdbcType=INTEGER}
  </select>
  <delete id="deleteByPrimaryKey" parameterType="java.lang.Integer" >
    delete from u_user_info
    where id = #{id,jdbcType=INTEGER}
  </delete>
  <insert id="insert" parameterType="com.wkcto.springboot.model.UserInfo" >
    insert into u_user_info (id, nick, phone, 
      address, email)
    values (#{id,jdbcType=INTEGER}, #{nick,jdbcType=VARCHAR}, #{phone,jdbcType=VARCHAR}, 
      #{address,jdbcType=VARCHAR}, #{email,jdbcType=VARCHAR})
  </insert>
  <insert id="insertSelective" parameterType="com.wkcto.springboot.model.UserInfo" >
    insert into u_user_info
    <trim prefix="(" suffix=")" suffixOverrides="," >
      <if test="id != null" >
        id,
      </if>
      <if test="nick != null" >
        nick,
      </if>
      <if test="phone != null" >
        phone,
      </if>
      <if test="address != null" >
        address,
      </if>
      <if test="email != null" >
        email,
      </if>
    </trim>
    <trim prefix="values (" suffix=")" suffixOverrides="," >
      <if test="id != null" >
        #{id,jdbcType=INTEGER},
      </if>
      <if test="nick != null" >
        #{nick,jdbcType=VARCHAR},
      </if>
      <if test="phone != null" >
        #{phone,jdbcType=VARCHAR},
      </if>
      <if test="address != null" >
        #{address,jdbcType=VARCHAR},
      </if>
      <if test="email != null" >
        #{email,jdbcType=VARCHAR},
      </if>
    </trim>
  </insert>
  <update id="updateByPrimaryKeySelective" parameterType="com.wkcto.springboot.model.UserInfo" >
    update u_user_info
    <set >
      <if test="nick != null" >
        nick = #{nick,jdbcType=VARCHAR},
      </if>
      <if test="phone != null" >
        phone = #{phone,jdbcType=VARCHAR},
      </if>
      <if test="address != null" >
        address = #{address,jdbcType=VARCHAR},
      </if>
      <if test="email != null" >
        email = #{email,jdbcType=VARCHAR},
      </if>
    </set>
    where id = #{id,jdbcType=INTEGER}
  </update>
  <update id="updateByPrimaryKey" parameterType="com.wkcto.springboot.model.UserInfo" >
    update u_user_info
    set nick = #{nick,jdbcType=VARCHAR},
      phone = #{phone,jdbcType=VARCHAR},
      address = #{address,jdbcType=VARCHAR},
      email = #{email,jdbcType=VARCHAR}
    where id = #{id,jdbcType=INTEGER}
  </update>
</mapper>