<?xml version="1.0" encoding="UTF-8"?>
<!DOCTYPE generatorConfiguration
        PUBLIC "-//mybatis.org//DTD MyBatis Generator Configuration 1.0//EN"
        "http://mybatis.org/dtd/mybatis-generator-config_1_0.dtd">

<generatorConfiguration>

    <!-- 指定连接数据库的JDBC驱动包所在位置，指定到你本机的完整路径 -->
    <classPathEntry location="D:/course/repository/mysql/mysql-connector-java/5.1.43/mysql-connector-java-5.1.43.jar"/>

    <!-- 配置table表信息内容体，targetRuntime指定采用MyBatis3的版本 -->
    <context id="tables" targetRuntime="MyBatis3">

        <!-- 抑制生成注释，由于生成的注释都是英文的，可以不让它生成 -->
        <commentGenerator>
            <property name="suppressAllComments" value="true" />
        </commentGenerator>

        <!-- 配置数据库连接信息 -->
        <jdbcConnection driverClass="com.mysql.jdbc.Driver"
                        connectionURL="jdbc:mysql://192.168.188.128:3306/springdb"
                        userId="root"
                        password="123456">
        </jdbcConnection>

        <!-- 生成model类，targetPackage指定model类的包名， targetProject指定生成的model放在eclipse的哪个工程下面-->
        <javaModelGenerator targetPackage="com.wkcto.springboot.model" targetProject="src/main/java">
            <property name="enableSubPackages" value="false" />
            <property name="trimStrings" value="false" />
        </javaModelGenerator>

        <!-- 生成MyBatis的Mapper.xml文件，targetPackage指定mapper.xml文件的包名， targetProject指定生成的mapper.xml放在eclipse的哪个工程下面 -->
        <sqlMapGenerator targetPackage="com.wkcto.springboot.mapper" targetProject="src/main/java">
            <property name="enableSubPackages" value="false" />
        </sqlMapGenerator>

        <!-- 生成MyBatis的Mapper接口类文件,targetPackage指定Mapper接口类的包名， targetProject指定生成的Mapper接口放在eclipse的哪个工程下面 -->
        <javaClientGenerator type="XMLMAPPER" targetPackage="com.wkcto.springboot.mapper" targetProject="src/main/java">
            <property name="enableSubPackages" value="false" />
        </javaClientGenerator>

        <!-- 数据库表名及对应的Java模型类名 -->
        <table tableName="student"
               domainObjectName="Student"
               enableCountByExample="false"
               enableUpdateByExample="false"
               enableDeleteByExample="false"
               enableSelectByExample="false"
               selectByExampleQueryId="false"/>
    </context>

</generatorConfiguration>